{"cameraMode":{"drawMode":0,"name":"Shaded","section":"Shading Mode"},"sceneLighting":true,"audioPlay":false,"sceneViewState":{"showFog":true,"showMaterialUpdate":false,"showSkybox":true,"showFlares":true,"showImageEffects":true,"showParticleSystems":true,"showVisualEffectGraphs":true,"m_FxEnabled":true},"in2DMode":false,"pivot":{"x":267.4805908203125,"y":174.17062377929688,"z":-0.01415252685546875},"rotation":{"x":-0.042596541345119479,"y":-0.003298788098618388,"z":0.00014000856026541442,"w":-0.9990901350975037},"size":187.8462371826172,"orthographic":false}