{"cameraMode":{"drawMode":0,"name":"Shaded","section":"Shading Mode"},"sceneLighting":true,"audioPlay":false,"sceneViewState":{"showFog":true,"showMaterialUpdate":false,"showSkybox":true,"showFlares":true,"showImageEffects":true,"showParticleSystems":true,"showVisualEffectGraphs":true,"m_FxEnabled":true},"in2DMode":false,"pivot":{"x":-1.8234548568725587,"y":-0.009447932243347168,"z":-0.9553322792053223},"rotation":{"x":-0.05752570554614067,"y":0.8920655250549316,"z":-0.11872265487909317,"w":-0.4322371184825897},"size":4.563499927520752,"orthographic":false}